{
    "eco": {
        "t_calc": 10,
        "tax": 1.19,
        "rate": 0.05,
        "q": 1.05,
        "crf": 0.12950457496545661,
        "prChange": {
            "el": 1.057,
            "gas": 1.041,
            "eex": 1.0252,
            "infl": 1.017
        },
        "b": {
            "el": 9.814662910580344,
            "gas": 9.164734425221972,
            "eex": 8.572758004738862,
            "infl": 8.283776433882458
        },
        "sell_pv": 0.082,
        "sell_chp": 0.191,
        "co2_gas": 0.411,
        "co2_el": 0.241,
        "co2_pv": 0.056,
        "el": 0.3287,
        "gas": 0.0683
    },
    "phy": {
        "A_max": 40,
        "beta": 0.2,
        "c_w": 4180,
        "rho_w": 1000
    },
    "gp": {
        "mip_gap": 0.01,
        "numeric_focus": 3,
        "time_limit": 100
    }
}